{"cameraMode":{"drawMode":0,"name":"Shaded","section":"Shading Mode"},"sceneLighting":true,"audioPlay":false,"sceneViewState":{"m_AlwaysRefresh":false,"showFog":true,"showSkybox":true,"showFlares":true,"showImageEffects":true,"showParticleSystems":true,"showVisualEffectGraphs":true,"m_FxEnabled":true},"in2DMode":false,"pivot":{"x":-0.013460233807563782,"y":0.2909770607948303,"z":1.4232748746871949},"rotation":{"x":0.17036165297031403,"y":-0.08855480700731278,"z":0.01537424884736538,"w":0.9812833666801453},"size":0.3660476803779602,"orthographic":true}